horizon,model,var,coef,se,hr,lo,hi,p,events
6 yr,"unadjusted (paper: high 0.64 [0.53,0.76], avg 0.78)",th_avg,-0.23462032855801604,0.07385698647827209,0.7908710637909702,0.6842873398565319,0.9140561327248852,0.0014896910851312972,974
6 yr,"unadjusted (paper: high 0.64 [0.53,0.76], avg 0.78)",th_high,-0.43280709513895943,0.09174944180648027,0.6486856143445091,0.5419222724007036,0.7764822515845483,2.3902774775580225e-06,974
6 yr,adj age/sex/smoking,th_high,-0.22905892847612752,0.09597982055067432,0.7952816673874817,0.6589049951821991,0.9598848621685179,0.01700811970185271,974
6 yr,adj age/sex/smoking,th_z,-0.10231235739627619,0.03420443862404787,0.9027475277577773,0.8442118361240007,0.9653419485498375,0.002778823498330658,974
6 yr,strata sex x age5 + smoking,th_high,-0.24900672800109117,0.09620375881204615,0.779574728387433,0.645608090436364,0.9413400577579084,0.00964435482339646,974
6 yr,strata sex x age5 + smoking,th_z,-0.1088570972189992,0.034190784599980796,0.8968585719252978,0.8387271754555586,0.9590190011418136,0.001453483967037973,974
6 yr,adj age/sex/smoking + emphysema,th_high,-0.21026037891527813,0.09585156674222058,0.810373214398758,0.671577405195268,0.9778541409147494,0.028263891585005453,974
6 yr,adj age/sex/smoking + emphysema,th_z,-0.09559988762416648,0.03411974192229115,0.9088275764921969,0.8500387409453314,0.971682258709901,0.005080362104515911,974
6 yr,unadjusted,th_z,-0.1747276752934081,0.03236257100176147,0.83968565678629,0.7880788356368797,0.8946719164749867,6.698851482161197e-08,974
full,"unadjusted (paper: high 0.64 [0.53,0.76], avg 0.78)",th_avg,-0.22298540423930216,0.07210032178007925,0.8001265276646524,0.6946831489229544,0.9215747657982949,0.0019833768195625687,1030
full,"unadjusted (paper: high 0.64 [0.53,0.76], avg 0.78)",th_high,-0.4063509918400521,0.08900177636023095,0.6660763390315061,0.5594555120990299,0.7930169241751638,4.979481397831807e-06,1030
full,adj age/sex/smoking,th_high,-0.211342892796411,0.09312485505578971,0.8094964487863648,0.6744456027994162,0.9715898478362842,0.023240524102345974,1030
full,adj age/sex/smoking,th_z,-0.09684050725678063,0.033239372851432095,0.9077007662741052,0.8504510009017853,0.9688044110959292,0.003574846877773318,1030
full,strata sex x age5 + smoking,th_high,-0.22961305024229442,0.093304056846063,0.7948411065787885,0.6620027021392891,0.9543350543219753,0.013858444788081424,1030
full,strata sex x age5 + smoking,th_z,-0.10290011367557961,0.03322645132027312,0.9022170881295936,0.8453345933000062,0.962927201329094,0.00195533663436622,1030
full,adj age/sex/smoking + emphysema,th_high,-0.19101944810616514,0.0929892884161717,0.8261165215931455,0.688475804100327,0.9912744982243508,0.039955452163891354,1030
full,adj age/sex/smoking + emphysema,th_z,-0.08962926363240668,0.03315103933394892,0.9142700756146918,0.8567542935708901,0.9756470173969786,0.006857964618670983,1030
full,unadjusted,th_z,-0.1661327587591807,0.03144632252912178,0.8469337888465972,0.7963102415638403,0.900775608864936,1.270448615826067e-07,1030
