horizon,adjustment,histology,var,coef,se,hr,lo,hi,p,events,delta_logHR,hr_ratio,ratio_lo,ratio_hi
full,clinical,adeno,th_z,-0.0018992126437487372,0.04862763660337751,0.9981025897193802,0.9073675907122055,1.0979109126242816,0.9688455497833405,474.0,,,,
full,clinical,SQ/SC,th_z,-0.18185045854634735,0.05743385243086567,0.8337260076931785,0.7449644790965959,0.9330633545735486,0.0015441318037339752,362.0,,,,
full,clinical,squamous,th_z,-0.22132430036675255,0.07264306120828933,0.801456725430752,0.6950982447453987,0.9240893464972827,0.0023134004671084554,233.0,,,,
full,clinical,small_cell,th_z,-0.1151114658779374,0.09424090953372016,0.891266792534284,0.7409513914399237,1.0720763934738582,0.22191204416425628,129.0,,,,
full,clinical,other,th_z,-0.14999470015981028,0.07896104113713813,0.8607125380518708,0.7373036253249169,1.0047774725551144,0.057485122592813735,181.0,,,,
full,clinical,ratio SQ/SC ÷ adeno,,,,,,,0.016792297705320917,,-0.17995124590259862,0.8353109352492346,0.7207587676456635,0.9680691930062976
full,clinical + emphysema,adeno,th_z,0.004411677538681311,0.048557054939536985,1.0044214233145037,0.9132383214049985,1.1047087840784202,0.9276073764632458,474.0,,,,
full,clinical + emphysema,SQ/SC,th_z,-0.17572221114436187,0.057222138696387724,0.8388509744266486,0.7498549117936427,0.9384094792596163,0.0021343028508683786,362.0,,,,
full,clinical + emphysema,squamous,th_z,-0.21424701802525078,0.0723161040035861,0.8071489800482492,0.7004838437356115,0.9300563914773531,0.003050070992595675,233.0,,,,
full,clinical + emphysema,small_cell,th_z,-0.11083713433467367,0.09402587783303944,0.8950845155936719,0.7444389225014357,1.0762149396534448,0.23848024078087832,129.0,,,,
full,clinical + emphysema,other,th_z,-0.14032160775709215,0.07867094977887337,0.8690786880013248,0.7448936399567309,1.0139672638122907,0.07448020792782319,181.0,,,,
full,clinical + emphysema,ratio SQ/SC ÷ adeno,,,,,,,0.01638352524743038,,-0.1801338886830432,0.8351583856689487,0.7209197685219333,0.9674995188205108
6 yr,clinical,adeno,th_z,-0.013558956871928388,0.0497603610115794,0.9865325517298429,0.8948604699909337,1.0875957853322715,0.7852490476206518,451.0,,,,
6 yr,clinical,SQ/SC,th_z,-0.18533988482360755,0.059462884156606326,0.8308218521190579,0.7394230964751544,0.9335182431398875,0.0018276333419337913,340.0,,,,
6 yr,clinical,squamous,th_z,-0.2424584070705163,0.07586437774091,0.7846963847213764,0.6762788045822411,0.9104949201759557,0.0013937349620105526,217.0,,,,
6 yr,clinical,small_cell,th_z,-0.0916249204765401,0.09650731674369831,0.9124473256775458,0.7551976427315051,1.1024400435424886,0.34241260630417825,123.0,,,,
6 yr,clinical,other,th_z,-0.15457002750588986,0.08087504812749689,0.8567834916302717,0.7311897996545417,1.0039499345819412,0.05597628610371538,173.0,,,,
6 yr,clinical,ratio SQ/SC ÷ adeno,,,,,,,0.026727058361400175,,-0.17178092795167915,0.8421636474764539,0.7234291157922953,0.9803857677943882
6 yr,clinical + emphysema,adeno,th_z,-0.007870478432557015,0.04969965861391981,0.9921604126870657,0.9000724495841681,1.0936700539586024,0.8741724893720785,451.0,,,,
6 yr,clinical + emphysema,SQ/SC,th_z,-0.17978517424436624,0.05925364396019279,0.8354496682408812,0.743846797747357,0.9383332028551151,0.002412046075434107,340.0,,,,
6 yr,clinical + emphysema,squamous,th_z,-0.23584662380325183,0.07553131919772776,0.7899018167788128,0.6812095648358643,0.9159367577300637,0.0017932146343344884,217.0,,,,
6 yr,clinical + emphysema,small_cell,th_z,-0.08790576878311539,0.09630266126457213,0.9158471740510018,0.7583156793781817,1.10610405274094,0.36134391704000457,123.0,,,,
6 yr,clinical + emphysema,other,th_z,-0.14457708339278674,0.08056771220873417,0.8653882027732902,0.7389781705545018,1.0134220080374512,0.07273671633557124,173.0,,,,
6 yr,clinical + emphysema,ratio SQ/SC ÷ adeno,,,,,,,0.026221043281566346,,-0.17191469581180924,0.8420510005818866,0.723615063867278,0.9798716513604904
