pid,time,event,label,split,has_ct,has_seg,n_z
132386,39.0,1,1,train,1,1,133
133201,441.0,1,1,train,1,1,169
214994,2044.0,1,1,train,1,1,178
124864,578.0,1,1,val,1,1,161
121073,104.0,1,1,train,1,1,145
110071,68.0,1,1,train,1,1,160
106982,1644.0,1,1,train,1,1,156
134575,2210.0,1,1,train,1,1,147
117632,1069.0,1,1,train,1,1,146
124140,1826.0,1,1,train,1,1,156
213379,1612.0,1,1,train,1,1,161
111781,2474.0,1,1,val,1,1,150
202952,491.0,1,1,train,1,1,156
100709,163.0,1,1,train,1,1,155
203010,29.0,1,1,train,1,1,156
214551,2108.0,1,1,train,1,1,162
118669,2109.0,1,1,test,1,1,144
207046,1598.0,1,1,val,1,1,177
200168,26.0,1,1,train,1,1,153
116837,915.0,1,1,train,1,1,165
131975,1499.0,1,1,val,1,1,139
129092,983.0,1,1,train,1,1,159
114311,40.0,1,1,train,1,1,154
126967,726.0,1,1,train,1,1,177
124379,735.0,1,1,train,1,1,169
115954,284.0,1,1,train,1,1,171
203536,945.0,1,1,train,1,1,144
123810,1142.0,1,1,train,1,1,154
213753,15.0,1,1,train,1,1,157
134371,95.0,1,1,train,1,1,169
133719,112.0,1,1,test,1,1,152
109980,1543.0,1,1,train,1,1,172
100353,1954.0,1,1,train,1,1,175
102267,641.0,1,1,val,1,1,141
112146,2235.0,1,1,train,1,1,156
119474,499.0,1,1,train,1,1,144
215070,1539.0,1,1,train,1,1,150
218357,742.0,1,1,val,1,1,166
103507,728.0,1,1,train,1,1,155
213754,417.0,1,1,train,1,1,152
131174,669.0,1,1,test,1,1,142
109616,87.0,1,1,train,1,1,151
119326,582.0,1,1,train,1,1,187
100913,376.0,1,1,test,1,1,149
120653,1931.0,1,1,test,1,1,175
114828,256.0,1,1,train,1,1,165
204878,219.0,1,1,test,1,1,173
120289,838.0,1,1,train,1,1,160
102658,446.0,1,1,train,1,1,141
117708,1317.0,1,1,train,1,1,137
131476,1598.0,1,1,train,1,1,145
216160,459.0,1,1,test,1,1,143
109777,1713.0,1,1,train,1,1,131
203125,17.0,1,1,train,1,1,176
100846,1075.0,1,1,val,1,1,151
211091,1516.0,1,1,train,1,1,169
125384,1655.0,1,1,train,1,1,185
134009,72.0,1,1,train,1,1,151
101834,53.0,1,1,test,1,1,141
214850,1751.0,1,1,val,1,1,166
114798,942.0,1,1,train,1,1,149
125680,1574.0,1,1,train,1,1,158
130103,2363.0,1,1,test,1,1,172
104575,726.0,1,1,train,1,1,159
126325,1967.0,1,1,train,1,1,154
208430,640.0,1,1,train,1,1,197
108352,505.0,1,1,train,1,1,140
131464,1461.0,1,1,train,1,1,150
121702,1778.0,1,1,val,1,1,151
109341,1731.0,1,1,train,1,1,148
205393,2198.0,1,1,val,1,1,165
202748,1140.0,1,1,train,1,1,164
104930,2003.0,1,1,val,1,1,169
118248,753.0,1,1,train,1,1,160
207759,2016.0,1,1,test,1,1,158
210419,849.0,1,1,val,1,1,190
207954,67.0,1,1,train,1,1,146
111221,69.0,1,1,train,1,1,176
114936,1822.0,1,1,train,1,1,169
208801,406.0,1,1,test,1,1,138
126625,1903.0,1,1,train,1,1,147
127400,540.0,1,1,train,1,1,156
101790,1286.0,1,1,train,1,1,163
101397,290.0,1,1,train,1,1,176
118461,98.0,1,1,train,1,1,164
130767,313.0,1,1,test,1,1,157
123444,2074.0,1,1,train,1,1,171
126244,834.0,1,1,train,1,1,156
123618,1941.0,1,1,train,1,1,133
208294,317.0,1,1,val,1,1,159
209184,286.0,1,1,test,1,1,155
215394,975.0,1,1,train,1,1,168
125586,2351.0,1,1,test,1,1,161
107328,186.0,1,1,train,1,1,146
105540,48.0,1,1,train,1,1,160
201275,757.0,1,1,train,1,1,153
214227,684.0,1,1,test,1,1,155
212615,22.0,1,1,train,1,1,125
212755,626.0,1,1,test,1,1,167
133640,35.0,1,1,train,1,1,150
128443,1244.0,1,1,test,1,1,165
104038,2181.0,1,1,train,1,1,151
133076,865.0,1,1,train,1,1,184
103957,1280.0,1,1,train,1,1,172
107074,2241.0,1,1,train,1,1,159
102736,631.0,1,1,val,1,1,138
124696,472.0,1,1,val,1,1,194
113235,1955.0,1,1,val,1,1,179
115524,375.0,1,1,val,1,1,150
216843,1633.0,1,1,train,1,1,144
115376,2212.0,1,1,train,1,1,153
204513,821.0,1,1,train,1,1,144
107052,222.0,1,1,train,1,1,169
215594,1359.0,1,1,train,1,1,148
210959,1261.0,1,1,test,1,1,151
209119,886.0,1,1,train,1,1,137
121852,1365.0,1,1,train,1,1,140
200066,854.0,1,1,train,1,1,151
201441,1571.0,1,1,val,1,1,159
214923,264.0,1,1,train,1,1,100
208196,2593.0,0,0,train,1,1,156
110999,2619.0,0,0,train,1,1,146
130413,2427.0,0,0,val,1,1,160
128988,2337.0,0,0,train,1,1,161
204086,2233.0,0,0,test,1,1,163
114803,2331.0,0,0,val,1,1,144
117956,2162.0,0,0,val,1,1,138
213701,2393.0,0,0,train,1,1,138
105999,2452.0,0,0,val,1,1,151
105581,2440.0,0,0,test,1,1,140
125242,2329.0,0,0,test,1,1,169
125413,2513.0,0,0,train,1,1,171
117592,2519.0,0,0,test,1,1,166
109804,2238.0,0,0,val,1,1,178
215245,2490.0,0,0,test,1,1,126
121878,0.0,0,0,test,1,1,143
212859,1842.0,0,0,val,1,1,153
107499,2584.0,0,0,val,1,1,157
208838,2569.0,0,0,test,1,1,148
211175,2377.0,0,0,test,1,1,155
132126,2557.0,0,0,val,1,1,157
106593,441.0,0,0,train,1,1,164
101435,2238.0,0,0,train,1,1,172
102167,2566.0,0,0,test,1,1,122
101808,2466.0,0,0,train,1,1,133
119958,2700.0,0,0,test,1,1,147
122500,2373.0,0,0,train,1,1,158
201092,2377.0,0,0,test,1,1,159
100868,2589.0,0,0,test,1,1,143
109731,2485.0,0,0,train,1,1,197
205828,2200.0,0,0,val,1,1,144
133552,2545.0,0,0,train,1,1,156
123602,2608.0,0,0,train,1,1,175
133219,2426.0,0,0,train,1,1,155
122758,2641.0,0,0,test,1,1,144
100463,2488.0,0,0,train,1,1,149
124967,2516.0,0,0,test,1,1,143
106428,2452.0,0,0,val,1,1,133
125024,2472.0,0,0,test,1,1,151
110655,2544.0,0,0,train,1,1,130
130915,2515.0,0,0,train,1,1,146
105735,2440.0,0,0,val,1,1,159
100225,2484.0,0,0,train,1,1,157
121351,2572.0,0,0,train,1,1,135
127964,2745.0,0,0,train,1,1,176
129568,2492.0,0,0,train,1,1,150
131799,2494.0,0,0,train,1,1,148
111980,2264.0,0,0,train,1,1,164
210321,2494.0,0,0,val,1,1,150
111848,2412.0,0,0,train,1,1,169
213696,2452.0,0,0,train,1,1,161
107318,2420.0,0,0,val,1,1,110
120765,2658.0,0,0,test,1,1,156
119229,2530.0,0,0,test,1,1,159
214797,2205.0,0,0,val,1,1,142
102720,2415.0,0,0,test,1,1,141
215631,2219.0,0,0,test,1,1,136
215066,2238.0,0,0,val,1,1,162
122345,0.0,0,0,train,1,1,132
209376,2232.0,0,0,train,1,1,131
203799,2455.0,0,0,test,1,1,180
208397,2184.0,0,0,train,1,1,148
101104,2602.0,0,0,val,1,1,142
106431,2413.0,0,0,train,1,1,131
123211,2516.0,0,0,val,1,1,137
213067,2577.0,0,0,test,1,1,158
102864,2556.0,0,0,test,1,1,166
108887,2755.0,0,0,train,1,1,178
113083,2527.0,0,0,test,1,1,144
114207,2596.0,0,0,val,1,1,150
217421,2479.0,0,0,train,1,1,154
208515,2442.0,0,0,train,1,1,133
119628,2193.0,0,0,test,1,1,155
212919,2583.0,0,0,val,1,1,145
117596,2313.0,0,0,val,1,1,147
106836,2471.0,0,0,val,1,1,159
213676,2105.0,0,0,train,1,1,160
121675,2466.0,0,0,train,1,1,153
102134,2607.0,0,0,val,1,1,160
206660,2210.0,0,0,test,1,1,177
121728,2407.0,0,0,test,1,1,180
119254,2323.0,0,0,test,1,1,164
133812,2518.0,0,0,train,1,1,145
204527,912.0,0,0,test,1,1,174
206785,2580.0,0,0,val,1,1,177
102545,2487.0,0,0,train,1,1,159
218006,2725.0,0,0,train,1,1,138
111572,2187.0,0,0,train,1,1,169
109642,2452.0,0,0,train,1,1,162
106853,2236.0,0,0,val,1,1,152
129422,2517.0,0,0,test,1,1,158
116340,2511.0,0,0,test,1,1,168
110329,2524.0,0,0,test,1,1,183
120563,2511.0,0,0,val,1,1,158
210943,2652.0,0,0,test,1,1,162
133273,2829.0,0,0,train,1,1,163
125376,2422.0,0,0,test,1,1,167
101344,2404.0,0,0,test,1,1,153
115611,2443.0,0,0,test,1,1,146
210242,2400.0,0,0,test,1,1,164
215333,2166.0,0,0,test,1,1,129
109416,2724.0,0,0,val,1,1,143
110938,2292.0,0,0,train,1,1,157
118151,2596.0,0,0,val,1,1,161
106697,2558.0,0,0,val,1,1,151
201186,2401.0,0,0,val,1,1,168
100642,2618.0,0,0,val,1,1,128
212986,2318.0,0,0,train,1,1,176
108227,2376.0,0,0,val,1,1,148
102679,2376.0,0,0,val,1,1,150
111209,2421.0,0,0,test,1,1,167
210513,2254.0,0,0,val,1,1,162
108712,2744.0,0,0,val,1,1,155
109902,2585.0,0,0,test,1,1,179
213506,2421.0,0,0,test,1,1,142
104355,2629.0,0,0,train,1,1,165
100524,2750.0,0,0,train,1,1,150
115604,2421.0,0,0,test,1,1,158
122863,2489.0,0,0,test,1,1,150
112586,2224.0,0,0,train,1,1,164
100248,2558.0,0,0,train,1,1,182
100634,2570.0,0,0,train,1,1,155
210245,2600.0,0,0,test,1,1,159
101319,2412.0,0,0,train,1,1,140
111097,2387.0,0,0,test,1,1,157
127028,704.0,0,0,train,1,1,134
121756,2437.0,0,0,train,1,1,146
116166,2726.0,0,0,val,1,1,151
213505,2648.0,0,0,test,1,1,150
204525,1663.0,0,0,test,1,1,166
215259,2542.0,0,0,val,1,1,144
115468,2140.0,0,0,train,1,1,181
110318,2592.0,0,0,test,1,1,164
132433,2618.0,0,0,train,1,1,141
112138,2466.0,0,0,val,1,1,150
200169,2464.0,0,0,train,1,1,148
114188,2541.0,0,0,test,1,1,152
112357,2345.0,0,0,val,1,1,148
212696,2263.0,0,0,test,1,1,191
104064,2303.0,0,0,val,1,1,174
126672,2586.0,0,0,train,1,1,160
102980,2536.0,0,0,test,1,1,170
200814,2339.0,0,0,val,1,1,161
215138,2442.0,0,0,train,1,1,150
103771,2768.0,0,0,test,1,1,159
109997,2628.0,0,0,test,1,1,169
110653,2446.0,0,0,test,1,1,160
103489,2350.0,0,0,test,1,1,130
202362,2648.0,0,0,val,1,1,158
211921,1914.0,0,0,train,1,1,160
123631,2605.0,0,0,train,1,1,161
101225,2220.0,0,0,train,1,1,155
206828,2265.0,0,0,test,1,1,165
116543,2585.0,0,0,test,1,1,164
128781,2605.0,0,0,train,1,1,156
130251,2786.0,0,0,test,1,1,171
102469,2368.0,0,0,test,1,1,150
123803,2705.0,0,0,val,1,1,136
125265,686.0,0,0,train,1,1,156
124840,2586.0,0,0,train,1,1,158
203413,2325.0,0,0,train,1,1,168
206859,2384.0,0,0,train,1,1,160
207836,2385.0,0,0,train,1,1,156
107313,2528.0,0,0,test,1,1,146
105037,2559.0,0,0,test,1,1,156
210028,2620.0,0,0,train,1,1,165
208403,2313.0,0,0,val,1,1,184
129293,2606.0,0,0,val,1,1,141
200810,2317.0,0,0,test,1,1,149
100194,2570.0,0,0,train,1,1,168
124969,2481.0,0,0,test,1,1,160
118393,2748.0,0,0,test,1,1,109
105850,2319.0,0,0,test,1,1,167
206442,2222.0,0,0,test,1,1,194
213088,2371.0,0,0,val,1,1,172
118400,2427.0,0,0,test,1,1,146
208991,2475.0,0,0,val,1,1,178
115671,2529.0,0,0,val,1,1,160
126408,2425.0,0,0,test,1,1,157
204879,2385.0,0,0,test,1,1,148
130553,2486.0,0,0,test,1,1,155
116399,2631.0,0,0,test,1,1,159
202480,2389.0,0,0,val,1,1,166
202982,2401.0,0,0,val,1,1,155
127499,2438.0,0,0,train,1,1,152
110456,2409.0,0,0,val,1,1,145
125231,2712.0,0,0,train,1,1,143
115881,2358.0,0,0,val,1,1,124
111897,2600.0,0,0,val,1,1,145
109112,748.0,0,0,test,1,1,136
207072,2362.0,0,0,train,1,1,137
104816,2436.0,0,0,val,1,1,84
117273,2209.0,0,0,val,1,1,139
105376,2409.0,0,0,test,1,1,184
120719,2561.0,0,0,test,1,1,174
131555,2250.0,0,0,train,1,1,154
208505,2654.0,0,0,test,1,1,158
123420,2585.0,0,0,train,1,1,150
126080,2678.0,0,0,train,1,1,161
127568,2600.0,0,0,val,1,1,150
217048,2176.0,0,0,test,1,1,156
103329,2383.0,0,0,test,1,1,165
102888,2433.0,0,0,val,1,1,182
103108,2591.0,0,0,test,1,1,182
203054,2231.0,0,0,val,1,1,166
214826,2554.0,0,0,test,1,1,159
111827,2425.0,0,0,val,1,1,168
216158,2581.0,0,0,train,1,1,153
124332,2369.0,0,0,test,1,1,128
209186,73.0,0,0,test,1,1,149
125371,2607.0,0,0,val,1,1,151
122417,2530.0,0,0,train,1,1,133
133560,2605.0,0,0,test,1,1,157
112393,2737.0,0,0,test,1,1,168
217649,2434.0,0,0,val,1,1,178
206578,2350.0,0,0,test,1,1,166
205380,2696.0,0,0,val,1,1,163
125288,2231.0,0,0,train,1,1,168
123829,2563.0,0,0,train,1,1,148
126747,2463.0,0,0,train,1,1,153
100362,2557.0,0,0,val,1,1,146
132811,2619.0,0,0,test,1,1,155
218779,2265.0,0,0,train,1,1,153
131012,2595.0,0,0,val,1,1,160
208107,2346.0,0,0,test,1,1,145
200438,2405.0,0,0,test,1,1,175
200381,2306.0,0,0,val,1,1,146
101133,1806.0,0,0,test,1,1,140
113805,2558.0,0,0,val,1,1,180
118888,2374.0,0,0,test,1,1,161
206025,2691.0,0,0,train,1,1,139
131257,2233.0,0,0,test,1,1,171
210425,2546.0,0,0,test,1,1,172
204551,2646.0,0,0,test,1,1,166
205266,1509.0,0,0,train,1,1,166
214784,2244.0,0,0,val,1,1,169
100679,2619.0,0,0,train,1,1,153
202317,2386.0,0,0,test,1,1,154
203578,2154.0,0,0,train,1,1,156
116882,2360.0,0,0,train,1,1,156
126213,2404.0,0,0,train,1,1,167
130829,2426.0,0,0,test,1,1,136
201977,2755.0,0,0,test,1,1,159
101897,2463.0,0,0,test,1,1,163
206568,2352.0,0,0,test,1,1,164
214383,2258.0,0,0,train,1,1,149
134527,2550.0,0,0,test,1,1,152
127270,2174.0,0,0,test,1,1,169
109502,2180.0,0,0,train,1,1,146
207100,2212.0,0,0,train,1,1,167
126341,2255.0,0,0,train,1,1,163
200503,2230.0,0,0,train,1,1,156
130044,2164.0,0,0,test,1,1,159
130998,2192.0,0,0,test,1,1,179
217275,2533.0,0,0,val,1,1,168
100413,2590.0,0,0,test,1,1,151
100586,2596.0,0,0,test,1,1,136
124880,2404.0,0,0,train,1,1,141
119543,2778.0,0,0,val,1,1,150
211180,2359.0,0,0,test,1,1,150
206347,1133.0,0,0,val,1,1,142
102692,2750.0,0,0,test,1,1,149
105992,1489.0,0,0,train,1,1,166
114565,328.0,0,0,train,1,1,170
106654,2536.0,0,0,test,1,1,151
127788,2359.0,0,0,test,1,1,184
216086,2390.0,0,0,val,1,1,166
216026,2488.0,0,0,test,1,1,161
103565,2598.0,0,0,val,1,1,145
109843,1093.0,0,0,val,1,1,155
112983,2408.0,0,0,train,1,1,172
207962,2320.0,0,0,val,1,1,166
134483,2478.0,0,0,train,1,1,121
124022,2417.0,0,0,train,1,1,152
134231,2552.0,0,0,train,1,1,155
134564,2737.0,0,0,val,1,1,123
121419,2243.0,0,0,test,1,1,182
129259,2718.0,0,0,test,1,1,154
122985,2496.0,0,0,val,1,1,157
104023,2553.0,0,0,train,1,1,160
