pid,heart_ok,event,manufacturer,kernel,kernel_group,slice_thickness_mm,frac_below_-100HU,card_heart_volume_ml,card_heart_mean_hu,card_heart_sd_hu,card_core_noise_sd_hu,card_calc_volume_ml,card_calc_mass_proxy,card_calc_n_lesions,card_calc_any,card_fat_volume_ml,card_fat_mean_hu
214183,1,0,GE MEDICAL SYSTEMS,BONE,sharp,2.5,0.011791552307326035,445.23400000000004,42.156681060791016,57.66207504272461,54.62641143798828,0.22,4.135161399841309,20,1,149.786,-92.2919921875
200397,1,1,GE MEDICAL SYSTEMS,STANDARD,soft,2.5,0.00038139184480647897,424.76,39.027950286865234,27.3317928314209,22.626089096069336,0.352,11.926082611083984,15,1,159.524,-86.93453979492188
130734,1,0,Philips,C,sharp,3.2,0.005647545960017296,457.898,34.468143463134766,48.512420654296875,45.80449676513672,0.264,10.321715354919434,10,1,188.0,-90.9400863647461
132823,1,1,Philips,B,soft,3.2,0.0005271709694890774,276.95,49.12810134887695,19.97304344177246,11.794694900512695,0.014,0.35724154114723206,1,1,67.868,-79.47477722167969
108121,1,0,SIEMENS,B50f,sharp,2.0,0.00627519943485629,532.254,39.84956741333008,49.710662841796875,44.43959426879883,0.794,42.6068000793457,32,1,175.14600000000002,-92.11790466308594
103376,1,1,SIEMENS,B30f,soft,2.0,0.0010562740276620335,583.182,39.7044677734375,32.49589157104492,28.165630340576172,0.526,16.328014373779297,8,1,292.724,-88.92236328125
101989,1,0,TOSHIBA,FC51,sharp,2.0,0.0008285355163988833,424.846,46.66774368286133,27.035676956176758,23.13949203491211,0.016,1.3109681606292725,2,1,112.752,-81.2825698852539
200017,1,1,TOSHIBA,FC10,soft,2.0,0.0016256371396558313,308.802,48.32253646850586,24.677425384521484,14.774141311645508,0.0,0.0,0,0,128.614,-90.17627716064453
101444,1,0,SIEMENS,B30f,soft,5.0,0.0009345885693630796,614.174,36.60310745239258,25.100494384765625,17.250810623168945,0.468,59.29093933105469,8,1,326.084,-81.117919921875
