dropped,kept_instead
original_shape_MeshVolume,card_heart_volume_ml
original_shape_SurfaceArea,card_heart_volume_ml
original_shape_VoxelVolume,card_heart_volume_ml
original_firstorder_Entropy,card_heart_sd_hu
original_firstorder_Mean,card_heart_mean_hu
original_firstorder_MeanAbsoluteDeviation,card_heart_sd_hu
original_firstorder_Median,card_heart_mean_hu
original_firstorder_RobustMeanAbsoluteDeviation,original_firstorder_InterquartileRange
original_firstorder_TotalEnergy,original_firstorder_Energy
original_firstorder_Uniformity,original_firstorder_InterquartileRange
original_firstorder_Variance,card_heart_sd_hu
original_glcm_Autocorrelation,original_firstorder_Minimum
original_glcm_DifferenceAverage,original_glcm_Contrast
original_glcm_DifferenceEntropy,original_glcm_Contrast
original_glcm_DifferenceVariance,original_glcm_Contrast
original_glcm_Id,original_glcm_Contrast
original_glcm_Idm,original_glcm_Contrast
original_glcm_Idn,original_glcm_Idmn
original_glcm_Imc1,original_glcm_Correlation
original_glcm_Imc2,original_glcm_Correlation
original_glcm_JointAverage,original_firstorder_Minimum
original_glcm_JointEnergy,original_firstorder_InterquartileRange
original_glcm_JointEntropy,card_heart_sd_hu
original_glcm_MaximumProbability,original_firstorder_InterquartileRange
original_glcm_SumAverage,original_firstorder_Minimum
original_glcm_SumEntropy,original_firstorder_InterquartileRange
original_glcm_SumSquares,card_heart_sd_hu
original_glrlm_GrayLevelNonUniformityNormalized,original_firstorder_InterquartileRange
original_glrlm_GrayLevelVariance,card_heart_sd_hu
original_glrlm_HighGrayLevelRunEmphasis,original_firstorder_Minimum
original_glrlm_LongRunEmphasis,original_glcm_Contrast
original_glrlm_LowGrayLevelRunEmphasis,original_firstorder_Minimum
original_glrlm_RunLengthNonUniformityNormalized,original_glcm_Contrast
original_glrlm_RunPercentage,original_glcm_Contrast
original_glrlm_RunVariance,original_glcm_Contrast
original_glrlm_ShortRunEmphasis,original_glcm_Contrast
original_glrlm_ShortRunHighGrayLevelEmphasis,original_firstorder_Minimum
original_glrlm_ShortRunLowGrayLevelEmphasis,original_firstorder_Minimum
original_glszm_HighGrayLevelZoneEmphasis,original_firstorder_Minimum
original_glszm_LowGrayLevelZoneEmphasis,original_firstorder_Minimum
original_glszm_SizeZoneNonUniformity,original_glrlm_RunLengthNonUniformity
original_glszm_SmallAreaEmphasis,original_glszm_SizeZoneNonUniformityNormalized
original_glszm_SmallAreaHighGrayLevelEmphasis,original_firstorder_Minimum
original_glszm_SmallAreaLowGrayLevelEmphasis,original_firstorder_Minimum
original_glszm_ZoneVariance,original_glszm_LargeAreaEmphasis
original_gldm_DependenceNonUniformity,original_glrlm_RunLengthNonUniformity
original_gldm_DependenceVariance,original_gldm_DependenceNonUniformityNormalized
original_gldm_GrayLevelVariance,card_heart_sd_hu
original_gldm_HighGrayLevelEmphasis,original_firstorder_Minimum
original_gldm_LargeDependenceEmphasis,original_glcm_Contrast
original_gldm_LargeDependenceHighGrayLevelEmphasis,original_glrlm_LongRunHighGrayLevelEmphasis
original_gldm_LargeDependenceLowGrayLevelEmphasis,original_glrlm_LongRunLowGrayLevelEmphasis
original_gldm_LowGrayLevelEmphasis,original_firstorder_Minimum
original_gldm_SmallDependenceEmphasis,original_glcm_Contrast
original_gldm_SmallDependenceHighGrayLevelEmphasis,original_glrlm_LongRunLowGrayLevelEmphasis
original_gldm_SmallDependenceLowGrayLevelEmphasis,original_glrlm_LongRunHighGrayLevelEmphasis
original_ngtdm_Coarseness,card_heart_volume_ml
original_ngtdm_Strength,original_ngtdm_Busyness
