feature,family,unadj_hr,unadj_lo,unadj_hi,unadj_p,adj_hr,adj_lo,adj_hi,adj_p,adj_tech_hr,adj_tech_lo,adj_tech_hi,adj_tech_p,unadj_fdr,adj_fdr,adj_tech_fdr,test_adj_hr,test_adj_lo,test_adj_hi,test_adj_p,replicated
original_glcm_Correlation,glcm,1.188269119737206,1.109606046431416,1.2725088381251066,7.96848930431746e-07,1.1458880839734205,1.0692167879040848,1.2280573180731487,0.00011617184798839273,1.1352863058387659,1.0493769274678721,1.2282288303546602,0.001575298594069467,9.084077806921904e-06,0.005453956870746952,0.017958403972391925,1.1188251366244357,0.948141339819862,1.3202353212238502,0.1837033203814309,False
original_glrlm_RunLengthNonUniformity,glrlm,0.8535491405761334,0.7980352947421469,0.9129247041807299,3.929702074075473e-06,0.8656578583206431,0.8024640615048104,0.9338281471036202,0.0001913669077455071,0.8456181503914859,0.7585723672711511,0.9426523916813285,0.0024820668911159026,2.7999127277787743e-05,0.005453956870746952,0.023579635465601077,0.9759213402468746,0.8141582161366852,1.1698247877036203,0.7920913010217346,False
original_glszm_GrayLevelNonUniformity,glszm,0.8642299065945369,0.8078865054900881,0.9245027938662177,2.2143363665764133e-05,0.8789263513030752,0.8167020158152538,0.945891544352067,0.0005714573626411999,0.8898943184297003,0.8158334967919652,0.9706783321442805,0.008507392950712088,0.00010518097741237964,0.009833648429613267,0.053880155354509886,0.8781473785392865,0.7361991620401507,1.047464949971465,0.14860770075039034,False
original_gldm_DependenceNonUniformityNormalized,gldm,0.8530947150978092,0.7974472174095127,0.9126254089793638,3.901936279967502e-06,0.8865117016858766,0.8269301189656851,0.9503862287770908,0.0006900805915518082,0.8664654454998353,0.7769092491739541,0.966344999809789,0.0100244058455528,2.7999127277787743e-05,0.009833648429613267,0.057139113319650964,0.9872149273744487,0.8411394386181213,1.1586584436369591,0.8748541546156934,False
original_glszm_ZonePercentage,glszm,0.8674489910168652,0.8103049467509474,0.9286229277426012,4.317361749573956e-05,0.8922032753088058,0.8319222376145025,0.9568522735422118,0.001394868971113327,0.8823591070972945,0.7920230846927732,0.9829986132027179,0.02313909944802461,0.00015380601232857217,0.011207629606340162,0.0968488031642745,0.9755998233833393,0.831036755912358,1.1453103711889008,0.7627362401063624,False
original_glcm_Contrast,glcm,0.8663808914500685,0.8100362437215902,0.9266447703885732,2.9089823823191443e-05,0.8942383672893726,0.8341266264335468,0.9586820899741056,0.001641483382897898,0.8679088704802467,0.7675899117837198,0.9813388580210285,0.023787425338593737,0.00012754768907091634,0.011207629606340162,0.0968488031642745,1.0332367154334026,0.8816953846247891,1.21082420157379,0.6861793519224489,False
card_calc_mass_proxy,card,1.2078442983429465,1.1301526722644695,1.2908767858031196,2.5927244425078498e-08,1.1173334113529472,1.0425897479801203,1.197435476940273,0.001685874079922668,1.135176466963968,1.0583711454599822,1.2175555018450004,0.0003894799146471646,7.389264661147372e-07,0.011207629606340162,0.007400118378296128,1.3234954557440555,1.1270525923530115,1.5541778913068882,0.00062852672498146,True
original_firstorder_Skewness,firstorder,1.1354265920233255,1.0692256162482128,1.2057263932726678,3.416406316861866e-05,1.100409670646885,1.036519193561325,1.1682383218517256,0.0017169467772862308,1.1245928631878002,1.0616177937113227,1.1913036079695143,6.507065422230589e-05,0.00013909654290080454,0.011207629606340162,0.0037090272906714354,1.0353632726610387,0.9028073506794139,1.1873818988831366,0.6190596857286088,False
card_calc_volume_ml,card,1.1866582158315497,1.111665258469877,1.2667101993802878,2.7741801115936913e-07,1.1153657469964184,1.0415760963432898,1.1943829682155638,0.001769625727316868,1.1393819168778263,1.0625005846512694,1.2218262947443725,0.0002514086220513744,5.270942212028014e-06,0.011207629606340162,0.00716514572846417,1.2766456644919175,1.0915964168460215,1.4930647696472876,0.002236429995645475,False
original_glcm_ClusterShade,glcm,0.4097269448112233,0.38751830222900513,0.43320836290496617,3.655936440478747e-216,1.0254575857629054,1.0083626942977761,1.0428422889355256,0.0033798140552758205,1.0281753521245542,1.0108681646947837,1.0457788578549607,0.00133678351708971,2.0838837710728857e-214,0.017485605068201453,0.017958403972391925,0.9939422441252111,0.9308820889663878,1.061274243393819,0.8558266020292624,False
original_firstorder_Energy,firstorder,0.885173714925345,0.8283052839999039,0.9459465256711158,0.00031799929231511283,0.8867354005150931,0.8179251638619726,0.9613344903267375,0.003536730874697664,0.907015516554864,0.8256747170524973,0.9963695512054539,0.04176718627538439,0.0008868458673374056,0.017485605068201453,0.1348724475005973,0.9702969035366079,0.8028888545135663,1.1726107240374222,0.7549973930664953,False
original_shape_SurfaceVolumeRatio,shape,1.1595643105667375,1.0839818051273697,1.2404169368711144,1.6708980795081822e-05,1.1272782414761109,1.039722715236164,1.2222068586977362,0.0036811800143582004,1.1084110470235273,1.019680210524731,1.2048630899010615,0.015616338183035613,0.00010518097741237964,0.017485605068201453,0.07457666444275425,1.0081254742355652,0.8265093108661004,1.229649755231049,0.9363559959364471,False
original_shape_Elongation,shape,0.8478773899255998,0.7927872680787259,0.9067956781006973,1.476977196505319e-06,0.9079123489055144,0.8489588678305965,0.9709596831252046,0.004797805547426639,0.9191131553734064,0.8583214116340686,0.9842105543798471,0.015700350409000894,1.403128336680053e-05,0.021036532015639882,0.07457666444275425,0.8644004502680506,0.7321889499035622,1.0204854068366123,0.08533558539236344,False
original_firstorder_90Percentile,firstorder,0.8746482506937411,0.8186373349144297,0.9344914161795297,7.293903969755195e-05,0.906393906885772,0.8457893712052234,0.9713410246205515,0.005377708249714022,0.9181687577108871,0.8268127754326624,1.0196188214377833,0.11035116002201828,0.0002445603095741448,0.021894955016692804,0.20290374584693682,1.0679113640969902,0.9100223875201249,1.2531940941313093,0.4208690201700285,False
original_glrlm_LongRunLowGrayLevelEmphasis,glrlm,1.1522729126468363,1.0793681154214672,1.2301019886076365,2.1354331823079707e-05,1.0978092161802646,1.0266885975495301,1.1738564916439387,0.006319836589840024,1.0760611044122834,1.0002863341949126,1.1575760468235659,0.04910850512340167,0.00010518097741237964,0.023359669656984678,0.1348724475005973,0.9859040766186267,0.8370592648517057,1.1612162831331048,0.865004578128666,False
original_glszm_LargeAreaLowGrayLevelEmphasis,glszm,1.1484656945182306,1.0753437468928457,1.2265598375369293,3.721481171519618e-05,1.0972780722111284,1.0262422190944007,1.173230983244723,0.00655710025459219,1.0743254075040092,0.9961158125569255,1.1586755944030327,0.06302031185448066,0.00014141628451774547,0.023359669656984678,0.1506235864672416,0.9447584741609586,0.8021728598069564,1.1126885727768703,0.4960195781133505,False
card_heart_volume_ml,card,0.9034470153191695,0.8445631600312898,0.9664363165673435,0.0031493893136414317,0.8959806555926243,0.82384430329946,0.9744333146215677,0.010325937838504714,0.9141536704256763,0.8376115207287596,0.9976903522359143,0.04424186875429206,0.006411256817055771,0.033177247661297246,0.1348724475005973,0.898739212902138,0.7292117847198093,1.1076784409323772,0.3167974976832568,False
original_shape_Maximum2DDiameterSlice,shape,0.9011712325087889,0.8422805021136351,0.964179496335824,0.00254563384929789,0.9035076071269038,0.8359656588117332,0.9765066154709441,0.010477025577251763,0.924279208725853,0.8499393784512799,1.005121161981623,0.06568563350654479,0.00555797769737453,0.033177247661297246,0.1506235864672416,0.9567288273257755,0.787550788785211,1.162248914064375,0.6559258973390882,False
original_firstorder_InterquartileRange,firstorder,0.8849263965636259,0.8288747921157723,0.9447684195295273,0.0002505097927805184,0.916023497887851,0.8557568225652429,0.9805344538970602,0.011534069292842855,0.9320414090769342,0.820619811507813,1.0585915378254869,0.27862106239604534,0.0007515293783415553,0.034602207878528565,0.4072153988865278,1.0853808432608383,0.9220196214929355,1.2776860138942658,0.32489887731085,False
original_glrlm_GrayLevelNonUniformity,glrlm,0.9075166057920776,0.8485411237453739,0.9705910140844405,0.004645170359145184,0.9030690134686767,0.8333124266252931,0.9786649244989618,0.012927701906848202,0.9125550337058929,0.8413441309970092,0.9897931879017571,0.027282527752912494,0.009130162430043982,0.036815015833754045,0.10367360546106748,0.8810553072156714,0.7194353637497884,1.0789828989319394,0.22067005781696045,False
original_glszm_SizeZoneNonUniformityNormalized,glszm,0.9090068337877779,0.84945306463779,0.9727358205779331,0.005788391666592488,0.9179443921718737,0.8576190385485739,0.9825130614472317,0.01356342688611991,0.9366933011714096,0.8712776610524323,1.0070203560591375,0.0766330527640352,0.010743430893704529,0.036815015833754045,0.1506235864672416,0.9110578749731049,0.7725178226953463,1.0744431094864755,0.2683797463979226,False
card_heart_sd_hu,card,0.8965948003120282,0.8397904257747529,0.9572414870114053,0.0010809731342410725,0.9204233179809991,0.860450806420613,0.9845758501957007,0.015859209611617235,0.9473159079580005,0.8469675636643639,1.05955347993222,0.3434447362946085,0.002678933419640919,0.04108977035737193,0.4661035706855401,1.1104418252302182,0.9451491535743741,1.304641751576818,0.20268400605535433,False
original_shape_MinorAxisLength,shape,0.9196774278173411,0.8599134212020109,0.9835950345494417,0.014587380848363344,0.912445263119184,0.8451000593966407,0.9851571407805136,0.019168882211540388,0.9290975588901603,0.8580912505231223,1.0059795778239256,0.06983324647477059,0.023756591667334587,0.04750549069816531,0.1506235864672416,0.8187521936420344,0.6750429808090966,0.9930555144654131,0.04228227568758151,False
original_firstorder_Minimum,firstorder,1.12997510710846,1.0571122114652494,1.2078601768443857,0.00032673268796641256,1.0826676614859683,1.0118809785528555,1.1584062652347478,0.021317196397418952,1.0743880687596197,1.003989750141645,1.1497226163217031,0.03797521114588174,0.0008868458673374056,0.05062834144387001,0.1348724475005973,,,,,False
original_shape_Maximum3DDiameter,shape,0.9402399154389691,0.8789747382141186,1.0057753199834563,0.07306078694353332,0.9094169719621088,0.8377718477347227,0.9871890910741248,0.02333340144223836,0.9227342867495535,0.8488125824802527,1.0030937117535197,0.059098337261394226,0.09915392513765237,0.053200155288303456,0.1506235864672416,,,,,False
original_ngtdm_Contrast,ngtdm,0.8983926784547005,0.839333693943875,0.9616072969840541,0.0020125261775842543,0.9279493721757,0.8669305152668912,0.9932630379912081,0.03118156484894259,0.9547250153521772,0.8820510772227573,1.0333867034199207,0.2513971882646724,0.004779749671762604,0.068359584476528,0.3980455480857313,,,,,False
original_glcm_MCC,glcm,1.1077426291391592,1.03646383817492,1.1839233432136829,0.002566518547293565,1.0749305284095865,1.0049724690421218,1.1497585023480708,0.035341290171296905,1.053865313308302,0.9806997083435708,1.1324894757746937,0.15297587906785184,0.00555797769737453,0.0746093903616268,0.2724882845896111,,,,,False
original_glszm_LargeAreaEmphasis,glszm,1.0945704046509086,1.024261871859223,1.169705134647755,0.007637824472247856,1.073317375794317,1.002738261709838,1.1488642980648085,0.041474162909347356,1.0255282089864484,0.9256952271025541,1.1361278276423887,0.629522290166804,0.013604874841191493,0.0799789006239698,0.7634632029682518,,,,,False
original_shape_Maximum2DDiameterColumn,shape,0.9422169782783857,0.8806928540968675,1.0080391024251525,0.08406685162470644,0.9280737097929344,0.8637606775961458,0.9971752976830152,0.04163361410631647,0.9356194285287192,0.8703233908199492,1.0058143033656608,0.0714043455620259,0.10648467872462815,0.0799789006239698,0.1506235864672416,,,,,False
original_glrlm_RunEntropy,glrlm,1.088049788958397,1.0179782405376532,1.1629446446980551,0.012969958968875107,1.0719896634805448,1.0024868989852027,1.14631107875066,0.042094158223142,1.063393522539843,0.9936011146357799,1.1380882802191805,0.07596032758397142,0.02174375474193768,0.0799789006239698,0.1506235864672416,,,,,False
card_calc_n_lesions,card,1.140686010085699,1.0664009379162818,1.220145751322829,0.0001275588567293489,1.0738502874043796,1.0010473533387962,1.151947943234003,0.04668035516741847,1.1078540458961093,1.0290657399141785,1.1926746167943902,0.006505460975022449,0.00040393637964293816,0.08373799530955493,0.04741265614141813,,,,,False
original_firstorder_RootMeanSquared,firstorder,0.9036080876523103,0.845851578516078,0.9653083316379306,0.0026327262777037248,0.9329210964012874,0.8711404777680856,0.9990831494140282,0.047010804384311544,0.9642356847698439,0.8881816763903829,1.0468021132367022,0.38495091948613924,0.00555797769737453,0.08373799530955493,0.5037834226699754,,,,,False
original_firstorder_Kurtosis,firstorder,1.0832046566483329,1.0138143944138067,1.1573443173126972,0.017974723006325934,1.0638763593232654,0.9951258727156463,1.137376626374122,0.06927610848073879,1.0372153337534362,0.9637534150432745,1.1162768730888966,0.3296052767293952,0.028214100743943406,0.11965873283036699,0.46541131134309105,,,,,False
original_firstorder_Maximum,firstorder,1.1287926861847555,1.05574003389447,1.2069002666157869,0.0003868021559224347,1.0643152470702772,0.9943398882616427,1.1392150295072925,0.072434427404401,1.1035876461674576,1.027754183175952,1.1850165270160944,0.006654407879497282,0.0010021692221626717,0.12143418711914285,0.04741265614141813,,,,,False
original_glcm_ClusterTendency,glcm,0.9149068585450678,0.856155827234468,0.977689496685009,0.008632510469860424,0.9396670216699785,0.8774614880873778,1.0062824677796014,0.07495348267279403,1.0027343563467064,0.8965836132876298,1.1214527842095194,0.9618515880929173,0.014910699902486188,0.122067100352836,0.9618515880929173,,,,,False
card_fat_volume_ml,card,0.9343035235841743,0.8735918245391839,0.9992344818957837,0.047445261470512,0.9331326743307055,0.8636990725335364,1.0081481103706578,0.07938518310222513,0.959684926866032,0.8827022267251482,1.0433814835505524,0.3347695397380129,0.0676094975954796,0.12569320657852312,0.46541131134309105,,,,,False
original_shape_Flatness,shape,0.8646066830645853,0.8085987357498445,0.9244940455004761,2.0667331799190645e-05,0.9416056496362122,0.8796057130540872,1.0079757171521628,0.08338561664684446,0.955998867720907,0.8916683358765966,1.024970606571075,0.20549853454610736,0.00010518097741237964,0.12845892294243608,0.3445122490920035,,,,,False
original_shape_Sphericity,shape,0.8436538207074115,0.7891375715839063,0.9019362337109749,6.094543962222683e-07,0.9439410194563818,0.8799891206340938,1.0125405272855053,0.10700856044898405,0.9410608028766034,0.8771480504518084,1.0096305113539246,0.09047994741031072,8.684725146167324e-06,0.16051284067347607,0.17191190007959037,,,,,False
original_glcm_Idmn,glcm,1.0848454254832123,1.0138766561200554,1.1607818269488726,0.018314416272384317,1.052914343152078,0.9841317464151134,1.1265042694270986,0.13467839825753028,1.0301506765100823,0.9592110726537394,1.1063367037436829,0.41450070051128207,0.028214100743943406,0.19235754372386996,0.525034220647624,,,,,False
original_firstorder_10Percentile,firstorder,1.0811559069590766,1.011295215471246,1.1558426038907117,0.022049020317980325,1.0534500426906352,0.9839232107425916,1.1278898397033847,0.13498774998166313,0.9825702201703624,0.8860989007301898,1.0895445607370242,0.7387715633612661,0.03307353047697049,0.19235754372386996,0.8256858649331799,,,,,False
original_glszm_ZoneEntropy,glszm,1.0446145647663159,0.9767118309142944,1.1172380167653289,0.2030808896269106,1.0443702315932546,0.9761031872588197,1.1174117602270874,0.20813566832002822,1.0660434343489746,0.9944552579005299,1.1427850523087382,0.07135772725811143,0.22650450419149903,0.28935934376199046,0.1506235864672416,,,,,False
card_heart_mean_hu,card,0.939087321340203,0.8794545844171352,1.0027635454153592,0.06044709683328098,0.9588849898964907,0.8967361375680355,1.025341106852665,0.21944834436201793,0.9625980649763658,0.8998412236561583,1.0297317019233478,0.2677734319075647,0.08403620779261013,0.2909062722024996,0.4038687439054297,,,,,False
original_ngtdm_Complexity,ngtdm,0.9420351466183045,0.8813428311124516,1.0069069448764167,0.07885194622915438,0.9582537466635994,0.8952034462979312,1.0257447586827368,0.21945560885451723,0.989450136440159,0.9178440803335833,1.0666425741348522,0.7820004151586538,0.10452467290841394,0.2909062722024996,0.857192762770063,,,,,False
original_glcm_InverseVariance,glcm,0.9524961932071015,0.891668165970122,1.0174738010153659,0.1483247344905033,0.9608499198431707,0.8987589920029058,1.0272304106857189,0.24130703237781925,0.9771120531386286,0.9116804221743954,1.047239735730721,0.512638223945296,0.16909019731917374,0.31260229194399314,0.6352256253235189,,,,,False
card_fat_mean_hu,card,1.0776850828314641,1.0085607635260123,1.151547016063852,0.026967015478017043,1.040417615318178,0.9713574602245049,1.1143877085312945,0.258191984559066,1.0075582932435254,0.9339546612257633,1.0869625223042916,0.8457426741872699,0.03941333031402491,0.32704318044148356,0.8764969532486252,,,,,False
original_glszm_GrayLevelVariance,glszm,0.9425976880216039,0.8819594259138159,1.007405074834469,0.08142168273484793,0.9624934478562512,0.8995836659588067,1.0298026434026373,0.2676697684163536,1.0185591472693905,0.9347637073078576,1.1098662992319908,0.6746164141802258,0.10547808899741663,0.3316777565159164,0.7916314408779728,,,,,False
original_gldm_DependenceEntropy,gldm,1.0370620772722041,0.969198988903945,1.1096769233451285,0.2919173545870921,1.0377213005530779,0.9691049385887899,1.1111959652065155,0.2887599000922556,1.075051832372177,1.0000980987339705,1.155623077125962,0.049689849079167424,0.3139488530464953,0.34564133465822855,0.1348724475005973,,,,,False
original_shape_LeastAxisLength,shape,0.9430955178734529,0.8817711939691956,1.00868474941819,0.08765708901871758,0.9564070045514697,0.8804564196032216,1.038909295212285,0.2910663870806135,0.9827265277302253,0.9009087679141403,1.0719747245225442,0.6944135446298008,0.10861856682754134,0.34564133465822855,0.7916314408779728,,,,,False
original_glcm_ClusterProminence,glcm,0.9516192196343025,0.8901984510460682,1.0172778194718906,0.14518525780720748,0.9671086727791536,0.9042209337273893,1.034370196572596,0.32960732679739035,1.0078087490169334,0.933119377542769,1.0884764576100803,0.8430520711647783,0.16909019731917374,0.38094191983154396,0.8764969532486252,,,,,False
original_shape_MajorAxisLength,shape,1.0999281207746439,1.0279040177523513,1.1769988734126358,0.005842918556225271,1.0394829018190352,0.960920968804883,1.1244678160348531,0.3341595787996,1.0453425256608646,0.9662577934555938,1.1309000593383098,0.26924582927028645,0.010743430893704529,0.38094191983154396,0.4038687439054297,,,,,False
original_shape_Maximum2DDiameterRow,shape,1.051295065390309,0.9827808322333896,1.1245857451272996,0.1457201615940944,1.0394002374794065,0.9591259814482739,1.126393064695131,0.3460289022848022,1.0360156588025604,0.9559005674419961,1.1228452852124,0.3888854490785776,0.16909019731917374,0.38673818490654366,0.5037834226699754,,,,,False
original_glszm_LargeAreaHighGrayLevelEmphasis,glszm,0.9482470515467343,0.8869773524919021,1.0137490751493388,0.11893077485947186,0.9687840418915032,0.9045299334344444,1.037602499521547,0.3650748082542402,0.9262444983187341,0.8587333807134631,0.9990631433855859,0.04722929276791586,0.14423519504233823,0.40017815520176336,0.1348724475005973,,,,,False
original_glszm_GrayLevelNonUniformityNormalized,glszm,1.0344369308501218,0.9682137039128049,1.105189649332816,0.3158549216591393,1.025438483707012,0.9589213114275625,1.0965697303169895,0.4628756734727697,0.9843083300048356,0.9117170129502743,1.0626794002469173,0.685745254366732,0.33340241730686926,0.4978096865650542,0.7916314408779728,,,,,False
original_glrlm_LongRunHighGrayLevelEmphasis,glrlm,0.9579824985476394,0.8962407707918829,1.023977593334331,0.20663568803434998,0.9804589819357794,0.9166995260517224,1.0486531169039854,0.5651380694346914,0.9553874264062086,0.890540835857493,1.0249559568553486,0.20315489199602846,0.22650450419149903,0.5965346288477298,0.3445122490920035,,,,,False
original_firstorder_Range,firstorder,0.9948720998783067,0.9303248518730056,1.0638977268247591,0.8805963912274017,0.9899972750891234,0.9256045460542047,1.0588696964183815,0.7695454990616828,1.0076693708046363,0.9407305362330856,1.0793713202121737,0.8275502150958951,0.885736619408817,0.797528971754835,0.8764969532486252,,,,,False
original_ngtdm_Busyness,ngtdm,1.0067272157377365,0.9419139639906458,1.0760002777887685,0.8434585301400215,0.9971743687094317,0.9325519328640619,1.0662749028434013,0.9340306499891214,0.9969772028091065,0.9324362964918229,1.0659854690993218,0.9293545911800171,0.8741297494178405,0.9507097687389271,0.9459502088796602,,,,,False
original_gldm_GrayLevelNonUniformity,gldm,1.0049328424905999,0.9397007153256149,1.074693252272667,0.885736619408817,1.0011509281991895,0.9300380633199432,1.0777012474695837,0.9755899306147378,0.9504584148440683,0.8739895952817581,1.0336177950226844,0.2351019264681374,0.885736619408817,0.9755899306147378,0.3828802802481095,,,,,False
