spec,var,coef,se,hr,lo,hi,p,n,events
TH only,th_z,-0.11050791164620924,0.0321250519718317,0.8953792462376439,0.8407408122074861,0.953568546872492,0.0005818658892056304,6041,1003
+age,th_z,-0.03432082711565968,0.03312228904797145,0.9662614520288965,0.9055259709486264,1.0310705861907976,0.30011573008950493,6041,1003
+sex,th_z,-0.1225304698317074,0.03286318856287301,0.8846789485141304,0.8294925623378123,0.943536901329477,0.0001926212514615686,6041,1003
+smoking,th_z,-0.12277270201040791,0.032187889116717154,0.8844646767577863,0.830390003001603,0.942060672219756,0.00013659634678923145,6041,1003
+age+sex+smoking,th_z,-0.05078707485811342,0.0339299923159433,0.950481030296158,0.8893284623093932,1.0158386099629324,0.1344402253576291,6041,1003
+clin+pericardial fat,th_z,-0.06836229671630112,0.034959280250524596,0.9339220553830685,0.8720737988611025,1.0001566457678366,0.050526025589905765,6041,1003
+clin+fat+heart volume,th_z,-0.06180948031260538,0.035344526482726124,0.9400619700437689,0.8771445479486458,1.007492447612307,0.0803306243071479,6041,1003
+clin+fat HU,th_z,-0.05858388092088366,0.034744261412123306,0.9430991290583169,0.8810143349450335,1.0095590184534828,0.09176777315076196,6041,1003
+clin+fat+calcium,th_z,-0.04620535877921884,0.03535244485484605,0.9548458560760017,0.8909251360248968,1.0233526611825603,0.19121546525232525,6041,1003
women only (+age+smoking),th_z,-0.02680265741864552,0.04893112822237285,0.9735533460989125,0.8845237570381075,1.0715439920734149,0.5838547058943464,2363,398
men only (+age+smoking),th_z,-0.08304044979699125,0.04770148243585611,0.9203139199559817,0.8381705848181608,1.0105075584923982,0.08171235936221745,3678,605
former smokers (+age+sex),th_z,-0.03579084226092297,0.05387091891227927,0.9648420765674418,0.8681629051881397,1.0722875017485727,0.5064461662279642,3049,415
current smokers (+age+sex),th_z,-0.06487948235095152,0.04377439105246419,0.9371804033505828,0.8601265819438187,1.0211370359458674,0.13830483174429795,2992,588
fat_z (adj clin),fat_z,-0.04936923994165051,0.03659439375512133,0.9518296112950454,0.8859516209713004,1.0226061869437288,0.17730710088020937,6041,1003
calc_z (adj clin),calc_z,0.134602124377965,0.031763874724063106,1.144081491647239,1.0750273186015764,1.2175713462169988,2.2593672592815344e-05,6041,1003
"TH high vs low, unadjusted (paper: 0.64)",th_high,-0.25851067117788495,0.09009317660763758,0.7722007907132173,0.6472063818481534,0.921335261675494,0.004112901760865186,6041,1003
