run_id,epoch,val_bce,val_bce_pos,val_bce_neg,top1pct_share,val_bce_bnbatch,val_c,val_c_bnbatch,eta_min,eta_median,eta_max,median_val_bce_all_epochs
curves__lungs__bce__iso_bce_lr0.0003_wd0.01_do0_aug1_trall_perm0_s1,67,6.330216407775879,0.00010145415581064299,6.33011531829834,0.01572204940021038,0.7824418544769287,0.5862581621111504,0.6052834273580782,4.15625,6.8125,13.0,0.7169623076915741
curves__lungs__bce__iso_bce_lr0.0003_wd0.01_do0_aug1_trall_perm0_s1,73,4.236411094665527,0.0010679609840735793,4.2353434562683105,0.018107067793607712,0.6676706075668335,0.6011806871092422,0.6316415818362234,1.5078125,4.53125,9.1875,0.7169623076915741
curves__lungs__bce__iso_bce_lr0.0003_wd0.01_do0_aug1_trall_perm0_s1,62,4.209813117980957,0.0008917286759242415,4.208920478820801,0.01633240282535553,0.7905964851379395,0.6115789218033322,0.6300126291539161,1.515625,4.515625,7.96875,0.7169623076915741
curves__lungs__bce__iso_bce_lr0.0003_wd0.01_do0_aug1_trall_perm0_s1,56,4.10978364944458,0.0009807999012991786,4.108802318572998,0.016224917024374008,0.6735153198242188,0.6123474266364122,0.6238056081770302,1.890625,4.40625,7.75,0.7169623076915741
curves__lungs__bce__iso_bce_lr0.0003_wd0.01_do0_aug1_trall_perm0_s1,76,3.8076107501983643,0.0014713496202602983,3.8061394691467285,0.0175767932087183,0.6871304512023926,0.6156313536093706,0.6259220323223071,0.6796875,4.0625,8.3125,0.7169623076915741
curves__lungs__legacy_scale__legacy64_bce_lr0.001_wd0.0001_do0_aug0_trall_perm0_s0,39,28.996028900146484,6.578382451402284e-14,28.996028900146484,0.015103021636605263,1.4495511054992676,0.630899098611487,0.6206292371852252,17.75,31.375,50.0,1.322672426700592
curves__lungs__legacy_scale__legacy64_bce_lr0.001_wd0.0001_do0_aug0_trall_perm0_s0,30,22.70894432067871,3.0313813959015334e-11,22.70894432067871,0.015959106385707855,0.9597773551940918,0.6521084441853848,0.6316866859573523,14.6875,24.375,46.25,1.322672426700592
curves__lungs__legacy_scale__legacy64_bce_lr0.001_wd0.0001_do0_aug0_trall_perm0_s0,23,15.676642417907715,2.080747378840897e-07,15.676641464233398,0.018690912052989006,0.9489951133728027,0.6359750470123724,0.6427961779461665,7.21875,16.75,38.75,1.322672426700592
curves__lungs__legacy_scale__legacy64_bce_lr0.001_wd0.0001_do0_aug0_trall_perm0_s0,58,15.428132057189941,5.656264647768694e-07,15.428130149841309,0.018916739150881767,1.1519417762756348,0.6344814066934515,0.6238593861676069,1.734375,16.625,37.75,1.322672426700592
curves__lungs__legacy_scale__legacy64_bce_lr0.001_wd0.0001_do0_aug0_trall_perm0_s0,32,15.232754707336426,9.179549920190766e-08,15.232754707336426,0.019263647496700287,1.0381821393966675,0.6199943099416422,0.6034983450257093,2.171875,16.375,44.5,1.322672426700592
curves__sternum__bce__iso_bce_lr0.001_wd0.01_do0_aug1_trall_perm0_s1,40,2.752023696899414,0.004748155828565359,2.7472755908966064,0.017256127670407295,0.7445068955421448,0.51686998724104,0.537286061444648,-0.310546875,2.859375,5.40625,0.6384243667125702
curves__sternum__bce__iso_bce_lr0.001_wd0.01_do0_aug1_trall_perm0_s1,58,2.516073703765869,0.005985314026474953,2.5100882053375244,0.018525565043091774,0.7052816152572632,0.5260307118943405,0.5464728602667909,-0.29296875,2.578125,5.78125,0.6384243667125702
curves__sternum__bce__iso_bce_lr0.001_wd0.01_do0_aug1_trall_perm0_s1,67,1.6209877729415894,0.015880772843956947,1.6051069498062134,0.022800251841545105,0.7233133316040039,0.5459287792769459,0.5632142149415417,-0.30859375,1.4609375,5.28125,0.6384243667125702
curves__sternum__bce__iso_bce_lr0.001_wd0.01_do0_aug1_trall_perm0_s1,24,1.618721604347229,0.01510111428797245,1.6036204099655151,0.01720193214714527,0.7031003832817078,0.5337521424275399,0.5469873905319478,-0.388671875,1.5,3.53125,0.6384243667125702
curves__sternum__bce__iso_bce_lr0.001_wd0.01_do0_aug1_trall_perm0_s1,64,1.5989183187484741,0.01640014350414276,1.582518219947815,0.02028980478644371,0.7482821345329285,0.5193105294446897,0.5291317997086646,-0.30859375,1.4453125,3.90625,0.6384243667125702
curves__sternum__legacy_scale__legacy64_bce_lr0.001_wd0.0001_do0_aug0_trall_perm0_s0,39,6.441840171813965,0.00012079433508915827,6.441719055175781,0.01719505712389946,0.7553503513336182,0.4884682642599629,0.5023327689724344,0.4921875,6.90625,13.75,0.6870081126689911
curves__sternum__legacy_scale__legacy64_bce_lr0.001_wd0.0001_do0_aug0_trall_perm0_s0,55,5.992670059204102,0.0008600296569056809,5.991810321807861,0.021819017827510834,0.9801759123802185,0.49071411933625597,0.4934240946179439,-4.53125,6.46875,17.25,0.6870081126689911
curves__sternum__legacy_scale__legacy64_bce_lr0.001_wd0.0001_do0_aug0_trall_perm0_s0,58,3.949483633041382,0.0074254171922802925,3.9420580863952637,0.027650929987430573,0.9928382039070129,0.49194829666146345,0.4937526291453583,-6.375,4.078125,16.625,0.6870081126689911
curves__sternum__legacy_scale__legacy64_bce_lr0.001_wd0.0001_do0_aug0_trall_perm0_s0,38,3.2252955436706543,0.0033104545436799526,3.221985101699829,0.022815508767962456,0.7013924717903137,0.5219527118873875,0.536611609610591,-0.6953125,3.3515625,9.75,0.6870081126689911
curves__sternum__legacy_scale__legacy64_bce_lr0.001_wd0.0001_do0_aug0_trall_perm0_s0,52,2.7175204753875732,0.00816118810325861,2.7093589305877686,0.026167353615164757,0.7159467339515686,0.4921429837888201,0.4976272506353406,-1.953125,2.78125,10.1875,0.6870081126689911
