a,b,delta_c,lo,hi,p_boot,n_paired
lungs:new_main,lungs:legacy_scale,0.007969290548589192,-0.021705572970078288,0.04075055462647871,0.598,2067
sternum:new_main,sternum:legacy_scale,0.01653450255487443,-0.0298307968745404,0.06267220671411675,0.474,2066
lungs:new_main,lungs:old_ckpt,0.07270006274767726,0.0254222069477799,0.12215716084866657,0.002,2067
sternum:new_main,sternum:old_ckpt,0.035909246563844976,-0.02406571686103662,0.09629084886374213,0.242,2066
lungs:legacy_scale,lungs:old_ckpt,0.06473077219908807,0.02018554104415998,0.1092068626679344,0.004,2067
sternum:legacy_scale,sternum:old_ckpt,0.019374744008970546,-0.024061360526270874,0.060980986992917034,0.348,2066
lungs:new_main,lungs:new_bce,-0.0005503004841972414,-0.008936847410491142,0.007325981724887242,0.892,2067
sternum:new_main,sternum:new_bce,0.016262564543311986,0.0021266584429697174,0.03159928353788347,0.022,2066
lungs:new_main,lungs:new_noaug,0.03185367375905568,0.014160829075104246,0.04965778183476764,0.0,2067
sternum:new_main,sternum:new_noaug,0.02027113226930588,0.0008792029259639539,0.04006418468861563,0.038,2066
lungs:new_main,sternum:new_main,0.1509390254547408,0.100268339653208,0.2028555943744417,0.0,2066
