organ,adjustment,hr_per_sd,lo,hi,p,n
lungs,unadjusted,1.8733643617876998,1.6142214553768353,2.174109395167812,1.4111410417959044e-16,2067
lungs,+ kernel,1.8716242777149406,1.6129353729540161,2.1718027241949764,1.4702523445161362e-16,2067
lungs,+ kernel + image covariates,1.9174896726964492,1.614001633897305,2.278043942260023,1.3065812196566321e-13,2067
lungs,+ age/sex/smoking,1.6838214453827163,1.4317310789465842,1.9802983267058905,3.0330835567879576e-10,2067
lungs,+ age/sex/smoking + kernel,1.6821992969105641,1.4305942659669384,1.9780552333010637,3.133883928200079e-10,2067
lungs,+ age/sex/smoking + kernel + image covariates,1.7361753613456852,1.4332725005310107,2.1030926667657797,1.7027307379044447e-08,2067
sternum,unadjusted,1.1267910857450916,0.9760749676825697,1.3007793386291502,0.1032234595065739,2066
sternum,+ kernel,1.124283215719545,0.9738324968883098,1.2979775815528702,0.1099964955782402,2066
sternum,+ kernel + image covariates,1.2131660265899207,0.9980578421938777,1.4746357834700297,0.0523260012908515,2066
sternum,+ age/sex/smoking,1.0122606681016746,0.867399520873638,1.1813145333001882,0.8770975813212903,2066
sternum,+ age/sex/smoking + kernel,1.0112289565014156,0.8667066396405159,1.1798502003989257,0.8871501445457284,2066
sternum,+ age/sex/smoking + kernel + image covariates,1.1544365956680502,0.9414571060057635,1.415596998435613,0.1675270497219473,2066
