organ,model,fit_on,test_n,harrell_c,c_lo,c_hi,p_boot
lungs,image covariates only,train,2067,0.5623131411084528,0.5180262396003007,0.6086464408384428,
lungs,"clinical only (age, sex, smoking)",train,2067,0.6448313698119919,0.5991064070291999,0.6884110810053342,
lungs,clinical + image covariates,train,2067,0.6531328539455538,0.6095446409117243,0.6946033328387591,
lungs,CNN score only,val,2067,0.6880903566551126,0.6515411520777923,0.7238868315321629,
lungs,CNN + image covariates,val,2067,0.6852348340206497,0.6484270081858731,0.721922093246455,
lungs,clinical + CNN,val,2067,0.7036631892597451,0.665758956027001,0.7396541896920541,
lungs,clinical + CNN + image covariates,val,2067,0.6969253638190853,0.6581682306545621,0.7326972408194735,
lungs,"Delta C: image covariates only - clinical only (age, sex, smoking)",,2067,-0.08251822870353909,-0.14422364119679273,-0.015842315368957083,0.018
lungs,"Delta C: clinical + image covariates - clinical only (age, sex, smoking)",,2067,0.00830148413356191,-0.011954581535452377,0.0312885984245809,0.432
lungs,"Delta C: CNN score only - clinical only (age, sex, smoking)",,2067,0.043258986843120795,-0.007852184331310049,0.09374497828475502,0.112
lungs,"Delta C: CNN + image covariates - clinical only (age, sex, smoking)",,2067,0.04040346420865781,-0.011609070982722434,0.08863981319278451,0.142
lungs,"Delta C: clinical + CNN - clinical only (age, sex, smoking)",,2067,0.058831819447753286,0.024704396649305495,0.09287458481312777,0.0
lungs,"Delta C: clinical + CNN + image covariates - clinical only (age, sex, smoking)",,2067,0.05209399400709347,0.01836641841069225,0.08525670148970223,0.004
sternum,image covariates only,train,2066,0.5397768093949548,0.49114885077885084,0.5824791386080627,
sternum,"clinical only (age, sex, smoking)",train,2066,0.6448640645668128,0.5991699403826277,0.6898936619193801,
sternum,clinical + image covariates,train,2066,0.6388428198293169,0.5929185590912909,0.6838572535369535,
sternum,CNN score only,val,2066,0.5375140165580033,0.4906923065972456,0.5838411739132509,
sternum,CNN + image covariates,val,2066,0.5560293021600607,0.5105053494921815,0.6013820561190347,
sternum,clinical + CNN,val,2066,0.6453089014375785,0.5989343292798194,0.6903257290608154,
sternum,clinical + CNN + image covariates,val,2066,0.6475582652369218,0.6022134654314656,0.6934549032774906,
sternum,"Delta C: image covariates only - clinical only (age, sex, smoking)",,2066,-0.10508725517185802,-0.1634473755075652,-0.04481787643686461,0.0
sternum,"Delta C: clinical + image covariates - clinical only (age, sex, smoking)",,2066,-0.006021244737495879,-0.015323923087168517,0.0026913058368392075,0.176
sternum,"Delta C: CNN score only - clinical only (age, sex, smoking)",,2066,-0.10735004800880943,-0.16477398007549282,-0.050284058706843306,0.0
sternum,"Delta C: CNN + image covariates - clinical only (age, sex, smoking)",,2066,-0.08883476240675203,-0.14597731555771595,-0.032340402163303646,0.0
sternum,"Delta C: clinical + CNN - clinical only (age, sex, smoking)",,2066,0.0004448368707656858,-0.012673186597985766,0.013340257531384887,0.952
sternum,"Delta C: clinical + CNN + image covariates - clinical only (age, sex, smoking)",,2066,0.0026942006701090593,-0.010899316772858025,0.015891763528365657,0.718
