organ,covariate,spearman_rho,p
lungs,volume_ml,0.2757337037560945,2.206076966840733e-37
lungs,laa950_pct,0.24802695426563812,2.381616733719344e-30
lungs,mld_hu,-0.22700556547536363,1.4479385326586448e-25
lungs,perc15_hu,-0.23901297478152672,3.0579974781379467e-28
lungs,sharp_kernel,-0.009417591851402419,0.668713411583644
lungs,age,0.2928508807245654,3.710577475532588e-42
lungs,male,-0.04754410836162865,0.03065881738028596
lungs,cigsmok,0.2108401618936114,3.3577256325032113e-22
sternum,volume_ml,0.013577119406165761,0.5373802067257918
sternum,mean_hu,-0.7344902338150106,0.0
sternum,median_hu,-0.7572246727200307,0.0
sternum,sharp_kernel,-0.03510866337884374,0.11063853373533354
sternum,age,0.21129491531633451,2.7864812618112034e-22
sternum,male,-0.13095281464383385,2.3097376924367316e-09
sternum,cigsmok,0.03736805921481408,0.0894953628102508
