organ,group,analysis,n,events,value
lungs,new_main,events <= 1y vs all controls (binary AUC),1946,36,0.7190808609656777
lungs,new_main,1-y landmark (time > 1y) Harrell C,2007,121,0.6820026702269693
lungs,new_main,kernel=soft Harrell C,1751,137,0.6787401931885175
lungs,new_main,kernel=sharp Harrell C,316,20,0.7575174825174825
lungs,legacy_scale,events <= 1y vs all controls (binary AUC),1946,36,0.7732547993019196
lungs,legacy_scale,1-y landmark (time > 1y) Harrell C,2007,121,0.6532532265242545
lungs,legacy_scale,kernel=soft Harrell C,1751,137,0.665094553534987
lungs,legacy_scale,kernel=sharp Harrell C,316,20,0.8003496503496503
lungs,old_ckpt,events <= 1y vs all controls (binary AUC),1946,36,0.6755671902268761
lungs,old_ckpt,1-y landmark (time > 1y) Harrell C,2007,121,0.5980774365821094
lungs,old_ckpt,kernel=soft Harrell C,1751,137,0.6026846855017913
lungs,old_ckpt,kernel=sharp Harrell C,316,20,0.6941433566433567
lungs,new_bce,events <= 1y vs all controls (binary AUC),1946,36,0.7339005235602094
lungs,new_bce,1-y landmark (time > 1y) Harrell C,2007,121,0.6779394748553627
lungs,new_bce,kernel=soft Harrell C,1751,137,0.6784318171511496
lungs,new_bce,kernel=sharp Harrell C,316,20,0.7601398601398601
sternum,new_main,events <= 1y vs all controls (binary AUC),1945,36,0.5819655433327513
sternum,new_main,1-y landmark (time > 1y) Harrell C,2006,121,0.524069481118003
sternum,new_main,kernel=soft Harrell C,1750,137,0.5374115703829416
sternum,new_main,kernel=sharp Harrell C,316,20,0.5227272727272727
sternum,legacy_scale,events <= 1y vs all controls (binary AUC),1945,36,0.5221611082009195
sternum,legacy_scale,1-y landmark (time > 1y) Harrell C,2006,121,0.5212419683051398
sternum,legacy_scale,kernel=soft Harrell C,1750,137,0.524002486693016
sternum,legacy_scale,kernel=sharp Harrell C,316,20,0.49947552447552446
sternum,old_ckpt,events <= 1y vs all controls (binary AUC),1945,36,0.4862929980792736
sternum,old_ckpt,1-y landmark (time > 1y) Harrell C,2006,121,0.5068595015562453
sternum,old_ckpt,kernel=soft Harrell C,1750,137,0.5026228258452714
sternum,old_ckpt,kernel=sharp Harrell C,316,20,0.4972027972027972
sternum,new_bce,events <= 1y vs all controls (binary AUC),1945,36,0.5546097433211106
sternum,new_bce,1-y landmark (time > 1y) Harrell C,2006,121,0.5109471500006679
sternum,new_bce,kernel=soft Harrell C,1750,137,0.5202769849300958
sternum,new_bce,kernel=sharp Harrell C,316,20,0.5243006993006993
