organ,pid,group,event,risk_stage5,risk_gradcam,low_confidence,nifti_path,png_path
lungs,100913,high_risk,1,0.965,0.965,False,data/saliency/lungs/100913_gradcam.nii.gz,figs/stage6_saliency/lungs/100913_montage.png
lungs,210943,high_risk,0,0.9638,0.9638,False,data/saliency/lungs/210943_gradcam.nii.gz,figs/stage6_saliency/lungs/210943_montage.png
lungs,102167,high_risk,0,0.9591,0.9591,False,data/saliency/lungs/102167_gradcam.nii.gz,figs/stage6_saliency/lungs/102167_montage.png
lungs,101834,high_risk,1,0.9368,0.9368,False,data/saliency/lungs/101834_gradcam.nii.gz,figs/stage6_saliency/lungs/101834_montage.png
lungs,133560,high_risk,0,0.9036,0.9036,False,data/saliency/lungs/133560_gradcam.nii.gz,figs/stage6_saliency/lungs/133560_montage.png
lungs,133719,low_risk,1,0.0213,0.0213,False,data/saliency/lungs/133719_gradcam.nii.gz,figs/stage6_saliency/lungs/133719_montage.png
lungs,102692,low_risk,0,0.0201,0.0201,False,data/saliency/lungs/102692_gradcam.nii.gz,figs/stage6_saliency/lungs/102692_montage.png
lungs,129422,low_risk,0,0.0114,0.0114,False,data/saliency/lungs/129422_gradcam.nii.gz,figs/stage6_saliency/lungs/129422_montage.png
lungs,201977,low_risk,0,0.0094,0.0094,False,data/saliency/lungs/201977_gradcam.nii.gz,figs/stage6_saliency/lungs/201977_montage.png
lungs,125242,low_risk,0,0.0045,0.0045,False,data/saliency/lungs/125242_gradcam.nii.gz,figs/stage6_saliency/lungs/125242_montage.png
anterior_mediastinum,206828,high_risk,0,1.0,1.0,False,data/saliency/anterior_mediastinum/206828_gradcam.nii.gz,figs/stage6_saliency/anterior_mediastinum/206828_montage.png
anterior_mediastinum,130553,high_risk,0,1.0,1.0,False,data/saliency/anterior_mediastinum/130553_gradcam.nii.gz,figs/stage6_saliency/anterior_mediastinum/130553_montage.png
anterior_mediastinum,209186,high_risk,0,0.9997,0.9997,False,data/saliency/anterior_mediastinum/209186_gradcam.nii.gz,figs/stage6_saliency/anterior_mediastinum/209186_montage.png
anterior_mediastinum,209184,high_risk,1,0.9997,0.9997,False,data/saliency/anterior_mediastinum/209184_gradcam.nii.gz,figs/stage6_saliency/anterior_mediastinum/209184_montage.png
anterior_mediastinum,211175,high_risk,0,0.9997,0.9997,False,data/saliency/anterior_mediastinum/211175_gradcam.nii.gz,figs/stage6_saliency/anterior_mediastinum/211175_montage.png
anterior_mediastinum,120765,low_risk,0,0.4646,0.4646,False,data/saliency/anterior_mediastinum/120765_gradcam.nii.gz,figs/stage6_saliency/anterior_mediastinum/120765_montage.png
anterior_mediastinum,133560,low_risk,0,0.374,0.374,False,data/saliency/anterior_mediastinum/133560_gradcam.nii.gz,figs/stage6_saliency/anterior_mediastinum/133560_montage.png
anterior_mediastinum,204525,low_risk,0,0.2727,0.2727,False,data/saliency/anterior_mediastinum/204525_gradcam.nii.gz,figs/stage6_saliency/anterior_mediastinum/204525_montage.png
anterior_mediastinum,216026,low_risk,0,0.1516,0.1516,False,data/saliency/anterior_mediastinum/216026_gradcam.nii.gz,figs/stage6_saliency/anterior_mediastinum/216026_montage.png
anterior_mediastinum,125242,low_risk,0,0.054,0.054,False,data/saliency/anterior_mediastinum/125242_gradcam.nii.gz,figs/stage6_saliency/anterior_mediastinum/125242_montage.png
