histology,marker,events,var,coef,se,hr,lo,hi,p
adeno,calcium,463,calc_z,0.0821310213765767,0.04780980549539414,1.0855980370611664,0.988492251049581,1.19224313273038,0.08582036498821705
adeno,current smoking,463,cigsmok,0.17800271610159638,0.09412492502456589,1.1948285665061704,0.9935421948372057,1.4368944879820715,0.05860664301393625
adeno,age,463,age,0.059979365541163315,0.008923808658179353,1.061814636348902,1.0434046017798237,1.080549501163368,1.8014214096512604e-11
adeno,emphysema,463,emph0,0.3798818105154918,0.09563136055413424,1.4621117729851396,1.2122132100236316,1.7635270916244787,7.116525199616856e-05
adeno,TH,463,th_z,0.05507601849390967,0.049627071302195666,1.0566209343546282,0.9586864105071259,1.164559950657764,0.26708613330527
SQ/SC,calcium,353,calc_z,0.16347510262501233,0.05265359844707394,1.1775960357723487,1.0621295965372362,1.3056150850026096,0.001904540629337058
SQ/SC,current smoking,353,cigsmok,0.7305768113041076,0.11161247865315702,2.0762778828933084,1.6683254067995297,2.5839862112163656,5.923506981287085e-11
SQ/SC,age,353,age,0.08713612256562271,0.010061469693623962,1.0910451854804137,1.069740402267225,1.1127742714373323,4.702058012840277e-18
SQ/SC,emphysema,353,emph0,0.5756746917963426,0.10789288894134384,1.7783299468754825,1.4393743144122,2.1971056231093127,9.522234840849246e-08
SQ/SC,TH,353,th_z,-0.14561601329441903,0.05847712011794405,0.8644895919705539,0.7708749869146038,0.9694726996093389,0.012769402970039671
squamous,calcium,228,calc_z,0.20333715328092872,0.0643180546953806,1.225485575085794,1.0803402982982804,1.3901313290904478,0.0015699549510929235
squamous,current smoking,228,cigsmok,0.6392451545777375,0.13711267065541669,1.895049869558326,1.4484720732496903,2.4793118724450327,3.1286399936215516e-06
squamous,age,228,age,0.0937601562833892,0.012529617819091243,1.0982962948595973,1.071653257624748,1.1256017211909637,7.259960693438557e-14
squamous,emphysema,228,emph0,0.6750579921961308,0.1342267717124102,1.9641468778580755,1.5098017546231515,2.5552182238406234,4.924402939002247e-07
squamous,TH,228,th_z,-0.17925550589743314,0.0735987039692052,0.8358922966983976,0.7236073883374989,0.9656008810040406,0.01486795075515366
small_cell,calcium,125,calc_z,0.08423500394022891,0.09186422878250822,1.0878845209198909,0.9086315741403682,1.3025001161518859,0.35916827466257784
small_cell,current smoking,125,cigsmok,0.9042436810124478,0.19337784156416388,2.4700630608252077,1.6908478273690541,3.608374110133039,2.924590424747043e-06
small_cell,age,125,age,0.07526066956808466,0.01695358059376707,1.0781651591042425,1.042928125358872,1.114592733709507,9.02856011578612e-06
small_cell,emphysema,125,emph0,0.3896739026572495,0.18271415349377304,1.476499232892611,1.0320640636818248,2.1123204086336225,0.03294960112086784
small_cell,TH,125,th_z,-0.08780468712637268,0.09665968226216459,0.9159397540796705,0.7578618369418677,1.1069902087811283,0.3636722161875876
other,calcium,175,calc_z,0.18995264288066133,0.0754643743781014,1.2091923324357137,1.0429416050713525,1.4019443559558535,0.011831960567099417
other,current smoking,175,cigsmok,0.6072993449368608,0.158014465101134,1.835467733996264,1.3466185659354617,2.501778816781025,0.00012138356713889422
other,age,175,age,0.06002400487833318,0.01445463255912019,1.0618620361084048,1.0322010310859535,1.09237537046637,3.2874908325330015e-05
other,emphysema,175,emph0,0.6658559182601109,0.15319303473788623,1.9461555587469674,1.441383026149409,2.6276995011935984,1.3831720616272693e-05
other,TH,175,th_z,-0.1245725344067526,0.08090965252504885,0.8828742202860198,0.7534048552015145,1.034592335666807,0.12364572717761044
