analysis,marker,var,coef,se,hr,lo,hi,p,events,n,ratio_delta_logHR,ratio_hr_ratio,ratio_ratio_lo,ratio_ratio_hi,ratio_p
adeno: BAC/lepidic 8250-8255,TH,th_z,0.06335144586837652,0.1001346353133037,1.0654012042943375,0.8755449093162332,1.2964266184795457,0.5269539514504833,110,6041,,,,,
adeno: other,TH,th_z,0.05107075746386386,0.057132872866988545,1.0523973556166504,0.9409101610980558,1.1770945196472349,0.3713783722684688,353,6041,,,,,
stage I-II (all histologies),TH,th_z,-0.017806919255119673,0.045261777574139635,0.9823506870507663,0.8989585312855605,1.0734787409704993,0.6940087990514132,561,6041,,,,,
stage III-IV (all histologies),TH,th_z,-0.08994427631302294,0.0522837810663635,0.9139821143054784,0.8249614638867938,1.0126088815524916,0.08537622861981632,427,6041,,,,,
comparator: adeno,pericardial fat,fat_z,-0.11861487432491043,0.05539228110210976,0.8881497841896405,0.796775954855265,0.9900023141378469,0.032244931802863586,463,6041,,,,,
comparator: SQ/SC,pericardial fat,fat_z,-0.017903913398584027,0.05993756125819573,0.9822554094080556,0.8733845087681089,1.1046975067971538,0.765161778607781,353,6041,0.10071096092632639,1.1059569307943684,0.9424691129898795,1.2978045815123005,0.21720517016221352
comparator: adeno,heart volume,hv_z,-0.14898196950562573,0.059945881941267216,0.8615846495560858,0.76607612128594,0.9690004527286489,0.012945158614576954,463,6041,,,,,
comparator: SQ/SC,heart volume,hv_z,-0.06983582282215799,0.06448301567377424,0.9325469102585648,0.8218312383421215,1.058178004509936,0.27880348869860394,353,6041,0.07914614668346774,1.0823624942007044,0.9108125975937689,1.286223501900743,0.36867989326270023
comparator: adeno,calcium,calc_z,0.0821310213765767,0.04780980549539414,1.0855980370611664,0.988492251049581,1.19224313273038,0.08582036498821705,463,6041,,,,,
comparator: SQ/SC,calcium,calc_z,0.16347510262501233,0.05265359844707394,1.1775960357723487,1.0621295965372362,1.3056150850026096,0.001904540629337058,353,6041,0.08134408124843563,1.0847440724563495,0.9436000912746113,1.2470004121552651,0.25272978139041347
comparator: adeno,TH,th_z,0.05507601849390967,0.049627071302195666,1.0566209343546282,0.9586864105071259,1.164559950657764,0.26708613330527,463,6041,,,,,
comparator: SQ/SC,TH,th_z,-0.14561601329441903,0.05847712011794405,0.8644895919705539,0.7708749869146038,0.9694726996093389,0.012769402970039671,353,6041,-0.2006920317883287,0.8181643613739057,0.7039710655887979,0.9508813003024408,0.008878717332074381
