analysis,var,coef,se,hr,lo,hi,p,attenuation,events
G1 calcium adj,calc_z,0.1290372146107927,0.030879667733288423,1.1377324636487238,1.070915808286586,1.2087179485297064,2.9316562544154137e-05,,
G1 calcium T1 vs none,T1,0.0459745511370957,0.11697944056632814,1.0470477644428653,0.8325175807732698,1.3168599034347288,0.6943091836049564,,
G1 calcium T2 vs none,T2,0.08204667406135528,0.11589008775031165,1.0855064736429492,0.8649412234787955,1.3623171983658353,0.47896405575775336,,
G1 calcium T3 vs none,T3,0.2815638248618735,0.11388047465108976,1.3252005743660156,1.0600988897647379,1.6565969262450149,0.013419033409282669,,
G2 single th_z,th_z,-0.09672095547388522,0.03365006604086616,0.9078092900060224,0.8498683082330928,0.9697004806951905,0.004049023930909753,,
G2 joint (+emph+other) th_z,th_z,-0.06881943216602626,0.03377742250406321,0.9334952240715675,0.8736967218081796,0.9973865205319439,0.04160608606136186,0.28847443835883535,
G2 single calc_z,calc_z,0.1290372146107927,0.030879667733288423,1.1377324636487238,1.070915808286586,1.2087179485297064,2.9316562544154137e-05,,
G2 joint (+emph+other) calc_z,calc_z,0.11867172944286272,0.03123448087079581,1.1260002248907823,1.059135778053792,1.1970859003402479,0.0001450572637700325,0.08032942433851176,
G3 TH adeno (adj clin+emph+calcium),th_z,0.02455465536756769,0.04944995616216719,1.0248586036001777,0.9301908696153405,1.1291608977065628,0.6195024311720438,,463.0
G3 calcium adeno (adj clin),calc_z,0.07577541030789685,0.046564672125283674,1.078720277494648,0.9846296779143436,1.181802116246347,0.10367011851580864,,463.0
G3 TH SQ/SC (adj clin+emph+calcium),th_z,-0.15207102666988379,0.05825650703036735,0.8589272718307288,0.7662462526000989,0.962818487909279,0.009044439312968472,,353.0
G3 calcium SQ/SC (adj clin),calc_z,0.1586661409234163,0.05119965361287165,1.171946616344622,1.0600506222478638,1.2956540402279606,0.0019419531818375938,,353.0
